group,subgroup_tribe,family,species,endemic
LATERATA,Teiioidea,Gymnophthalmidae,Acratosaura mentalis,no
LATERATA,Teiioidea,Teiidae,Ameiva ameiva,no
LATERATA,Amphisbaenia,Amphisbaenidae,Amphisbaena alba,no
LATERATA,Amphisbaenia,Amphisbaenidae,Amphisbaena anaemariae,yes
LATERATA,Amphisbaenia,Amphisbaenidae,Amphisbaena camura,no
LATERATA,Amphisbaenia,Amphisbaenidae,Amphisbaena crisae,yes
LATERATA,Amphisbaenia,Amphisbaenidae,Amphisbaena dubia,no
LATERATA,Amphisbaenia,Amphisbaenidae,Amphisbaena leeseri,yes
LATERATA,Amphisbaenia,Amphisbaenidae,Amphisbaena mensae,yes
LATERATA,Amphisbaenia,Amphisbaenidae,Amphisbaena mertensi,no
LATERATA,Amphisbaenia,Amphisbaenidae,Amphisbaena miringoera,yes
LATERATA,Amphisbaenia,Amphisbaenidae,Amphisbaena neglecta,yes
LATERATA,Amphisbaenia,Amphisbaenidae,Amphisbaena prunicolor,no
LATERATA,Amphisbaenia,Amphisbaenidae,Amphisbaena sanctaeritae,yes
LATERATA,Amphisbaenia,Amphisbaenidae,Amphisbaena silvestrii,yes
LATERATA,Amphisbaenia,Amphisbaenidae,Amphisbaena talisiae,yes
LATERATA,Amphisbaenia,Amphisbaenidae,Amphisbaena vermicularis,no
LATERATA,Amphisbaenia,Amphisbaenidae,Amphisbaena wiedi,no
TOXICOFERA,Serpentes,Anguidae,Anilius scytale,no
TOXICOFERA,Iguania,Leiosauridae,Anisolepis grillii,no
TOXICOFERA,Iguania,Polychrotidae,Anolis chrysolepis,no
TOXICOFERA,Iguania,Polychrotidae,Anolis meridionalis,yes
LATERATA,Amphisbaenia,Amphisbaenidae,Anops acrobeles,yes
LATERATA,Amphisbaenia,Amphisbaenidae,Anops bilabialatus,no
TOXICOFERA,Serpentes,Dipsadidae,Apostolepis albicollaris,yes
TOXICOFERA,Serpentes,Dipsadidae,Apostolepis ammodites,yes
TOXICOFERA,Serpentes,Dipsadidae,Apostolepis assimilis,no
TOXICOFERA,Serpentes,Dipsadidae,Apostolepis cearensis,no
TOXICOFERA,Serpentes,Dipsadidae,Apostolepis cerradoensis,yes
TOXICOFERA,Serpentes,Dipsadidae,Apostolepis christineae,yes
TOXICOFERA,Serpentes,Dipsadidae,Apostolepis dimidiata,no
TOXICOFERA,Serpentes,Dipsadidae,Apostolepis flavotorquata,yes
TOXICOFERA,Serpentes,Dipsadidae,Apostolepis goiasensis,yes
TOXICOFERA,Serpentes,Dipsadidae,Apostolepis intermedia,yes
TOXICOFERA,Serpentes,Dipsadidae,Apostolepis lineata,yes
TOXICOFERA,Serpentes,Dipsadidae,Apostolepis longicaudata,yes
TOXICOFERA,Serpentes,Dipsadidae,Apostolepis nelsonjorgei,yes
TOXICOFERA,Serpentes,Dipsadidae,Apostolepis nigroterminata,no
TOXICOFERA,Serpentes,Dipsadidae,Apostolepis polylepis,yes
TOXICOFERA,Serpentes,Dipsadidae,Apostolepis serrana,yes
TOXICOFERA,Serpentes,Dipsadidae,Apostolepis striata,yes
TOXICOFERA,Serpentes,Dipsadidae,Apostolepis tertulianobeui,yes
TOXICOFERA,Serpentes,Dipsadidae,Apostolepis vittata,yes
TOXICOFERA,Serpentes,Dipsadidae,Atractus albuquerquei,yes
TOXICOFERA,Serpentes,Dipsadidae,Atractus edioi,yes
TOXICOFERA,Serpentes,Dipsadidae,Atractus latifrons,no
TOXICOFERA,Serpentes,Dipsadidae,Atractus pantostictus,no
LATERATA,Teiioidea,Gymnophthalmidae,Bachia bresslaui,yes
LATERATA,Teiioidea,Gymnophthalmidae,Bachia cacerensis,yes
LATERATA,Teiioidea,Gymnophthalmidae,Bachia micromela,yes
LATERATA,Teiioidea,Gymnophthalmidae,Bachia oxyrhina,yes
LATERATA,Teiioidea,Gymnophthalmidae,Bachia psamophila,yes
LATERATA,Teiioidea,Gymnophthalmidae,Bachia scolecoides,yes
TOXICOFERA,Serpentes,Boidae,Boa constrictor,no
TOXICOFERA,Serpentes,Dipsadidae,Boiruna maculata,no
TOXICOFERA,Serpentes,Viperidae,Bothropoides lutzi,no
TOXICOFERA,Serpentes,Viperidae,Bothropoides marmoratus,yes
TOXICOFERA,Serpentes,Viperidae,Bothropoides mattogrossensis,yes
TOXICOFERA,Serpentes,Viperidae,Bothropoides neuwiedi,yes
TOXICOFERA,Serpentes,Viperidae,Bothropoides pauloensis,yes
TOXICOFERA,Serpentes,Viperidae,Bothrops moojeni,yes
LATERATA,Amphisbaenia,Amphisbaenidae,Bronia bedai,yes
LATERATA,Amphisbaenia,Amphisbaenidae,Bronia kraoh,yes
LATERATA,Amphisbaenia,Amphisbaenidae,Bronia saxosa,yes
TOXICOFERA,Serpentes,Viperidae,Caudisona durissa,no
LATERATA,Amphisbaenia,Amphisbaenidae,Cercolophia absaberi,yes
LATERATA,Amphisbaenia,Amphisbaenidae,Cercolophia cuiabana,yes
LATERATA,Amphisbaenia,Amphisbaenidae,Cercolophia roberti,no
LATERATA,Amphisbaenia,Amphisbaenidae,Cercolophia steindachneri,yes
LATERATA,Teiioidea,Gymnophthalmidae,Cercosaura albostrigata,yes
LATERATA,Teiioidea,Gymnophthalmidae,Cercosaura ocellata,no
LATERATA,Teiioidea,Gymnophthalmidae,Cercosaura parkeri,no
LATERATA,Teiioidea,Gymnophthalmidae,Cercosaura schreibersii,no
TOXICOFERA,Serpentes,Colubridae,Chironius bicarinatus,no
TOXICOFERA,Serpentes,Colubridae,Chironius exoletus,no
TOXICOFERA,Serpentes,Colubridae,Chironius flavolineatus,yes
TOXICOFERA,Serpentes,Colubridae,Chironius laurenti,no
TOXICOFERA,Serpentes,Colubridae,Chironius quadricarinatus,yes
TOXICOFERA,Serpentes,Colubridae,Chironius scurrulus,no
TOXICOFERA,Serpentes,Dipsadidae,Clelia plumbea,no
TOXICOFERA,Serpentes,Dipsadidae,Clelia rustica,no
LATERATA,Teiioidea,Teiidae,Cnemidophorus jalapensis,yes
LATERATA,Teiioidea,Teiidae,Cnemidophorus mumbuca,yes
LATERATA,Teiioidea,Teiidae,Cnemidophorus ocellifer,no
LATERATA,Teiioidea,Teiidae,Cnemidophorus parecis,yes
GEKKOTA,-,Sphaerodactylidae,Coleodactylus brachystoma,yes
GEKKOTA,-,Sphaerodactylidae,Coleodactylus meridionalis,no
LATERATA,Teiioidea,Gymnophthalmidae,Colobosaura modesta,yes
TOXICOFERA,Serpentes,Boidae,Corallus batesii,no
TOXICOFERA,Serpentes,Boidae,Corallus hortulanus,no
TOXICOFERA,Serpentes,Dipsadidae,Dipsas indica,no
TOXICOFERA,Serpentes,Dipsadidae,Ditaxodon taeniatus,no
LATERATA,Teiioidea,Teiidae,Dracaena paraguayensis,no
TOXICOFERA,Serpentes,Colubridae,Drymarchon corais,no
TOXICOFERA,Serpentes,Colubridae,Drymoluber brazili,yes
TOXICOFERA,Iguania,Leiosauridae,Enyalius bilineatus,no
TOXICOFERA,Iguania,Leiosauridae,Enyalius brasiliensis,no
TOXICOFERA,Iguania,Leiosauridae,Enyalius catenatus,no
TOXICOFERA,Serpentes,Boidae,Epicrates assisi,no
TOXICOFERA,Serpentes,Boidae,Epicrates cenchria,no
TOXICOFERA,Serpentes,Boidae,Epicrates crassus,yes
TOXICOFERA,Serpentes,Dipsadidae,Erythrolamprus aesculapii,no
TOXICOFERA,Serpentes,Boidae,Eunectes murinus,no
TOXICOFERA,Serpentes,Boidae,Eunectes notaeus,no
TOXICOFERA,Iguania,Tropiduridae,Eurolophosaurus nanuzae,yes
TOXICOFERA,Serpentes,Dipsadidae,Gomesophis brasiliensis,no
GEKKOTA,-,Sphaerodactylidae,Gonatodes humeralis,no
GEKKOTA,-,Phyllodactylidae,Gymnodactylus amarali,yes
GEKKOTA,-,Phyllodactylidae,Gymnodactylus guttulatus,yes
TOXICOFERA,Serpentes,Dipsadidae,Helicops angulatus,no
TOXICOFERA,Serpentes,Dipsadidae,Helicops gomesi,no
TOXICOFERA,Serpentes,Dipsadidae,Helicops infrataeniatus,no
TOXICOFERA,Serpentes,Dipsadidae,Helicops leopardinus,no
TOXICOFERA,Serpentes,Dipsadidae,Helicops modestus,no
TOXICOFERA,Serpentes,Dipsadidae,Helicops polylepis,no
TOXICOFERA,Serpentes,Dipsadidae,Helicops trivittatus,no
GEKKOTA,-,Gekkonidae,Hemidactylus brasilianus,no
GEKKOTA,-,Gekkonidae,Hemidactylus mabouia,no
LATERATA,Teiioidea,Gymnophthalmidae,Heterodactylus lundii,yes
TOXICOFERA,Iguania,Hoplocercidae,Hoplocercus spinosus,yes
TOXICOFERA,Serpentes,Dipsadidae,Hydrodynastes bicinctus,no
TOXICOFERA,Serpentes,Dipsadidae,Hydrodynastes gigas,no
TOXICOFERA,Serpentes,Dipsadidae,Hydrodynastes melanogigas,yes
TOXICOFERA,Serpentes,Dipsadidae,Hydrops caesurus,no
TOXICOFERA,Serpentes,Dipsadidae,Hydrops triangularis,no
TOXICOFERA,Iguania,Iguanidae,Iguana iguana,no
TOXICOFERA,Serpentes,Dipsadidae,Imantodes cenchoa,no
LATERATA,Teiioidea,Teiidae,Kentropyx calcarata,no
LATERATA,Teiioidea,Teiidae,Kentropyx paulensis,yes
LATERATA,Teiioidea,Teiidae,Kentropyx vanzoi,yes
LATERATA,Teiioidea,Teiidae,Kentropyx viridistriga,no
TOXICOFERA,Serpentes,Viperidae,Lachesis muta,no
LATERATA,Amphisbaenia,Amphisbaenidae,Leposternon cerradensis,yes
LATERATA,Amphisbaenia,Amphisbaenidae,Leposternon infraorbitale,no
LATERATA,Amphisbaenia,Amphisbaenidae,Leposternon microcephalum,no
LATERATA,Amphisbaenia,Amphisbaenidae,Leposternon polystegum,no
TOXICOFERA,Serpentes,Dipsadidae,Leptodeira annulata,no
TOXICOFERA,Serpentes,Colubridae,Leptophis ahaetulla,no
TOXICOFERA,Serpentes,Leptotyphlopidae,Leptotyphlops albifrons,no
TOXICOFERA,Serpentes,Leptotyphlopidae,Leptotyphlops brasiliensis,yes
TOXICOFERA,Serpentes,Leptotyphlopidae,Leptotyphlops cupinensis,no
TOXICOFERA,Serpentes,Leptotyphlopidae,Leptotyphlops dimidiatus,yes
TOXICOFERA,Serpentes,Leptotyphlopidae,Leptotyphlops fuliginosus,yes
TOXICOFERA,Serpentes,Leptotyphlopidae,Leptotyphlops koppesi,yes
TOXICOFERA,Serpentes,Dipsadidae,Liophis almadensis,no
TOXICOFERA,Serpentes,Dipsadidae,Liophis dilepis,no
TOXICOFERA,Serpentes,Dipsadidae,Liophis frenatus,yes
TOXICOFERA,Serpentes,Dipsadidae,Liophis jaegeri,no
TOXICOFERA,Serpentes,Dipsadidae,Liophis maryellenae,yes
TOXICOFERA,Serpentes,Dipsadidae,Liophis meridionalis,no
TOXICOFERA,Serpentes,Dipsadidae,Liophis miliaris,no
TOXICOFERA,Serpentes,Dipsadidae,Liophis paucidens,yes
TOXICOFERA,Serpentes,Dipsadidae,Liophis poecilogyrus,no
TOXICOFERA,Serpentes,Dipsadidae,Liophis reginae,no
TOXICOFERA,Serpentes,Dipsadidae,Liophis taeniogaster,no
TOXICOFERA,Serpentes,Dipsadidae,Liophis typhlus,no
TOXICOFERA,Serpentes,Anomalepididae,Liotyphlops beui,no
TOXICOFERA,Serpentes,Anomalepididae,Liotyphlops schubarti,yes
TOXICOFERA,Serpentes,Anomalepididae,Liotyphlops ternetzii,no
TOXICOFERA,Serpentes,Anomalepididae,Liotyphlops wilderi,no
GEKKOTA,-,Gekkonidae,Lygodactylus klugei,no
GEKKOTA,-,Gekkonidae,Lygodactylus wetzeli,no
SCINCOFORMATA,-,Scincidae,Mabuya dorsivittata,no
SCINCOFORMATA,-,Scincidae,Mabuya frenata,no
SCINCOFORMATA,-,Scincidae,Mabuya guaporicola,yes
SCINCOFORMATA,-,Scincidae,Mabuya heathi,no
SCINCOFORMATA,-,Scincidae,Mabuya nigropunctata,no
TOXICOFERA,Serpentes,Colubridae,Mastigodryas bifossatus,no
TOXICOFERA,Serpentes,Colubridae,Mastigodryas boddaerti,no
LATERATA,Teiioidea,Gymnophthalmidae,Micrablepharus atticolus,yes
LATERATA,Teiioidea,Gymnophthalmidae,Micrablepharus maximiliani,no
TOXICOFERA,Serpentes,Elapidae,Micrurus brasiliensis,yes
TOXICOFERA,Serpentes,Elapidae,Micrurus frontalis,no
TOXICOFERA,Serpentes,Elapidae,Micrurus lemniscatus,no
TOXICOFERA,Serpentes,Elapidae,Micrurus spixii,no
TOXICOFERA,Serpentes,Elapidae,Micrurus surinamensis,no
TOXICOFERA,Serpentes,Elapidae,Micrurus tricolor,yes
TOXICOFERA,Serpentes,Dipsadidae,Mussurana bicolor,no
TOXICOFERA,Serpentes,Dipsadidae,Mussurana quimi,no
TOXICOFERA,Anguimorpha,Anguidae,Ophiodes striatus,no
TOXICOFERA,Serpentes,Colubridae,Oxybelis aeneus,no
TOXICOFERA,Serpentes,Colubridae,Oxybelis fulgidus,no
TOXICOFERA,Serpentes,Dipsadidae,Oxyrhopus guibei,no
TOXICOFERA,Serpentes,Dipsadidae,Oxyrhopus petola,no
TOXICOFERA,Serpentes,Dipsadidae,Oxyrhopus rhombifer,no
TOXICOFERA,Serpentes,Dipsadidae,Oxyrhopus trigeminus,no
TOXICOFERA,Serpentes,Dipsadidae,Phalotris concolor,yes
TOXICOFERA,Serpentes,Dipsadidae,Phalotris labiomaculatus,yes
TOXICOFERA,Serpentes,Dipsadidae,Phalotris lativittatus,yes
TOXICOFERA,Serpentes,Dipsadidae,Phalotris matogrossensis,no
TOXICOFERA,Serpentes,Dipsadidae,Phalotris mertensi,no
TOXICOFERA,Serpentes,Dipsadidae,Phalotris multipunctatus,yes
TOXICOFERA,Serpentes,Dipsadidae,Phalotris nasutus,yes
TOXICOFERA,Serpentes,Dipsadidae,Philodryas aestiva,no
TOXICOFERA,Serpentes,Dipsadidae,Philodryas agassizii,no
TOXICOFERA,Serpentes,Dipsadidae,Philodryas livida,yes
TOXICOFERA,Serpentes,Dipsadidae,Philodryas mattogrossensis,yes
TOXICOFERA,Serpentes,Dipsadidae,Philodryas nattereri,no
TOXICOFERA,Serpentes,Dipsadidae,Philodryas olfersi,no
TOXICOFERA,Serpentes,Dipsadidae,Philodryas patagoniensis,no
TOXICOFERA,Serpentes,Dipsadidae,Philodryas psammophidea,no
TOXICOFERA,Serpentes,Dipsadidae,Philodryas viridissima,no
TOXICOFERA,Serpentes,Dipsadidae,Phimophis guerini,no
TOXICOFERA,Serpentes,Dipsadidae,Phimophis iglesiasi,no
GEKKOTA,-,Phyllodactylidae,Phyllopezus pollicaris,no
LATERATA,Teiioidea,Gymnophthalmidae,Placosoma cipoense,yes
TOXICOFERA,Iguania,Polychrotidae,Polychrus acutirostris,no
TOXICOFERA,Iguania,Polychrotidae,Polychrus marmoratus,no
TOXICOFERA,Serpentes,Dipsadidae,Pseudoboa coronata,no
TOXICOFERA,Serpentes,Dipsadidae,Pseudoboa neuwiedii,no
TOXICOFERA,Serpentes,Dipsadidae,Pseudoboa nigra,no
TOXICOFERA,Serpentes,Dipsadidae,Pseudoeryx plicatilis,no
TOXICOFERA,Serpentes,Colubridae,Pseustes sulphureus,no
TOXICOFERA,Serpentes,Dipsadidae,Psomophis genimaculatus,no
TOXICOFERA,Serpentes,Dipsadidae,Psomophis joberti,no
TOXICOFERA,Serpentes,Dipsadidae,Rhachidelus brazili,no
LATERATA,Teiioidea,Gymnophthalmidae,Rhachisaurus brachylepis,yes
TOXICOFERA,Serpentes,Viperidae,Rhinocerophis alternatus,no
TOXICOFERA,Serpentes,Viperidae,Rhinocerophis itapetiningae,yes
TOXICOFERA,Serpentes,Dipsadidae,Sibynomorphus mikanii,no
TOXICOFERA,Serpentes,Dipsadidae,Sibynomorphus turgidus,no
TOXICOFERA,Serpentes,Dipsadidae,Sibynomorphus ventrimaculatus,no
TOXICOFERA,Serpentes,Colubridae,Simophis rhinostoma,no
TOXICOFERA,Serpentes,Dipsadidae,Siphlophis leucocephalus,no
TOXICOFERA,Serpentes,Dipsadidae,Siphlophis longicaudatus,no
TOXICOFERA,Serpentes,Dipsadidae,Siphlophis worontzowi,no
TOXICOFERA,Serpentes,Colubridae,Spilotes pullatus,no
TOXICOFERA,Iguania,Tropiduridae,Stenocercus caducus,no
TOXICOFERA,Iguania,Tropiduridae,Stenocercus dumerilii,no
TOXICOFERA,Iguania,Tropiduridae,Stenocercus quinarius,yes
TOXICOFERA,Iguania,Tropiduridae,Stenocercus sinesaccus,yes
TOXICOFERA,Iguania,Tropiduridae,Stenocercus tricristatus,no
TOXICOFERA,Serpentes,Dipsadidae,Taeniophallus occipitalis,no
TOXICOFERA,Serpentes,Colubridae,Tantilla boipiranga,yes
TOXICOFERA,Serpentes,Colubridae,Tantilla melanocephala,no
LATERATA,Teiioidea,Teiidae,Teyus teyou,no
TOXICOFERA,Serpentes,Dipsadidae,Thamnodynastes chaquensis,no
TOXICOFERA,Serpentes,Dipsadidae,Thamnodynastes hypoconia,no
TOXICOFERA,Serpentes,Dipsadidae,Thamnodynastes rutilus,no
TOXICOFERA,Iguania,Tropiduridae,Tropidurus callathelys,yes
TOXICOFERA,Iguania,Tropiduridae,Tropidurus chromatops,yes
TOXICOFERA,Iguania,Tropiduridae,Tropidurus etheridgei,no
TOXICOFERA,Iguania,Tropiduridae,Tropidurus guarani,no
TOXICOFERA,Iguania,Tropiduridae,Tropidurus hispidus,no
TOXICOFERA,Iguania,Tropiduridae,Tropidurus insulanus,yes
TOXICOFERA,Iguania,Tropiduridae,Tropidurus itambere,yes
TOXICOFERA,Iguania,Tropiduridae,Tropidurus montanus,yes
TOXICOFERA,Iguania,Tropiduridae,Tropidurus oreadicus,yes
TOXICOFERA,Iguania,Tropiduridae,Tropidurus semitaeniatus,no
TOXICOFERA,Iguania,Tropiduridae,Tropidurus torquatus,no
LATERATA,Teiioidea,Teiidae,Tupinambis duseni,yes
LATERATA,Teiioidea,Teiidae,Tupinambis merianae,no
LATERATA,Teiioidea,Teiidae,Tupinambis quadrilineatus,yes
LATERATA,Teiioidea,Teiidae,Tupinambis teguixin,no
TOXICOFERA,Serpentes,Typhlopidae,Typhlops brongersmianus,no
LATERATA,Teiioidea,Gymnophthalmidae,Vanzosaura rubricauda,no
TOXICOFERA,Serpentes,Dipsadidae,Xenodon mattogrossensis,yes
TOXICOFERA,Serpentes,Dipsadidae,Xenodon merremii,no
TOXICOFERA,Serpentes,Dipsadidae,Xenodon nattereri,yes
TOXICOFERA,Serpentes,Dipsadidae,Xenodon rhabdocephalus,no
TOXICOFERA,Serpentes,Dipsadidae,Xenodon severus,no
TOXICOFERA,Serpentes,Dipsadidae,Xenopholis undulatus,yes